{
  "run_id": "H1_PILOT_Q3VL_COCO_L15_BBOX16_N128_SEED4201",
  "target_token": "object_bbox_mean",
  "max_bbox_tokens": 16,
  "train_size": 128,
  "test_size": 64,
  "matched_mean_nll": 0.17262795567512512,
  "shuffled_mean_nll": 0.4609944224357605,
  "sensitivity_delta": 0.28836649656295776,
  "matched_better_fraction": 1.0,
  "nll_top1": 0.390625,
  "nll_top5": 0.75,
  "nll_unique_top1": 0.390625,
  "nll_unique_top5": 0.75,
  "gain_top1": 0.65625,
  "gain_top5": 0.875,
  "gain_unique_top1": 0.65625,
  "gain_unique_top5": 0.875
}