{
  "run_id": "H2_PILOT_Q3VL_COCO_L06_BBOX8_N128_SEED4301",
  "target_token": "object_bbox_mean",
  "max_bbox_tokens": 8,
  "train_size": 128,
  "test_size": 64,
  "matched_mean_nll": 0.16481660306453705,
  "shuffled_mean_nll": 0.4724391996860504,
  "sensitivity_delta": 0.30762261152267456,
  "matched_better_fraction": 0.96875,
  "nll_top1": 0.546875,
  "nll_top5": 0.796875,
  "nll_unique_top1": 0.546875,
  "nll_unique_top5": 0.796875,
  "gain_top1": 0.671875,
  "gain_top5": 0.84375,
  "gain_unique_top1": 0.671875,
  "gain_unique_top5": 0.84375
}