{
  "run_id": "H2_PILOT_Q3VL_COCO_L28_BBOX8_N128_SEED4301",
  "target_token": "object_bbox_mean",
  "max_bbox_tokens": 8,
  "train_size": 128,
  "test_size": 64,
  "matched_mean_nll": 0.1920681744813919,
  "shuffled_mean_nll": 0.3685094714164734,
  "sensitivity_delta": 0.17644129693508148,
  "matched_better_fraction": 0.984375,
  "nll_top1": 0.375,
  "nll_top5": 0.59375,
  "nll_unique_top1": 0.375,
  "nll_unique_top5": 0.59375,
  "gain_top1": 0.53125,
  "gain_top5": 0.734375,
  "gain_unique_top1": 0.53125,
  "gain_unique_top5": 0.734375
}