{
  "av_parquet": "outputs/H2_PILOT_Q3VL_COCO_L10_L15_L20_BBOX8_CONCAT8_N128_SEED4801/test_multilayer/qwen3vl_coco_L10-L15-L20_object_bbox_mean_multilayer_short_av_sft.parquet",
  "adapter": "outputs/H2_PILOT_Q3VL_COCO_L10_L15_L20_BBOX8_CONCAT8_N128_SEED4801/adapter/adapter",
  "activation_adapter": "outputs/H2_PILOT_Q3VL_COCO_L10_L15_L20_BBOX8_CONCAT8_N128_SEED4801/adapter/activation_adapter.pt",
  "model_id": "Qwen/Qwen3-VL-8B-Instruct",
  "num_rows": 64,
  "injection_scale": 57.75,
  "num_injection_tokens": 8,
  "prompt_token_count": 64,
  "injection_positions": [
    30,
    31,
    32,
    33,
    34,
    35,
    36,
    37
  ],
  "matched_mean_nll": 0.21706721186637878,
  "shifted_mean_nll": 0.3918265700340271,
  "shuffled_mean_nll": 0.40796416997909546,
  "shifted_minus_matched_mean": 0.1747593730688095,
  "shuffled_minus_matched_mean": 0.19089698791503906,
  "shifted_match_better_fraction": 0.953125,
  "shuffled_match_better_fraction": 0.96875,
  "examples": [
    {
      "index": 0,
      "sample_id": "coco_000000313783_688951",
      "source_description": "These image tokens represent a fork in the top-right region of the image.",
      "matched_nll": 0.13664060831069946,
      "shifted_nll": 0.31595250964164734,
      "shuffled_nll": 0.4258500039577484,
      "shifted_minus_matched": 0.17931190133094788,
      "shuffled_minus_matched": 0.28920939564704895
    },
    {
      "index": 1,
      "sample_id": "coco_000000251119_2221191",
      "source_description": "These image tokens represent a hot dog in the center region of the image.",
      "matched_nll": 0.1012040376663208,
      "shifted_nll": 0.25553327798843384,
      "shuffled_nll": 0.11030770093202591,
      "shifted_minus_matched": 0.15432924032211304,
      "shuffled_minus_matched": 0.009103663265705109
    },
    {
      "index": 2,
      "sample_id": "coco_000000365385_2215046",
      "source_description": "These image tokens represent a cup in the bottom-left region of the image.",
      "matched_nll": 0.3283880650997162,
      "shifted_nll": 0.41999587416648865,
      "shuffled_nll": 0.5852591395378113,
      "shifted_minus_matched": 0.09160780906677246,
      "shuffled_minus_matched": 0.2568710744380951
    },
    {
      "index": 3,
      "sample_id": "coco_000000372260_138362",
      "source_description": "These image tokens represent a car in the left region of the image.",
      "matched_nll": 0.3332638144493103,
      "shifted_nll": 0.44174501299858093,
      "shuffled_nll": 0.3925344944000244,
      "shifted_minus_matched": 0.10848119854927063,
      "shuffled_minus_matched": 0.05927067995071411
    },
    {
      "index": 4,
      "sample_id": "coco_000000403584_647430",
      "source_description": "These image tokens represent a surfboard in the center region of the image.",
      "matched_nll": 0.42479491233825684,
      "shifted_nll": 0.52443528175354,
      "shuffled_nll": 0.4914400279521942,
      "shifted_minus_matched": 0.0996403694152832,
      "shuffled_minus_matched": 0.06664511561393738
    },
    {
      "index": 5,
      "sample_id": "coco_000000283412_9178",
      "source_description": "These image tokens represent a dog in the center region of the image.",
      "matched_nll": 0.16896112263202667,
      "shifted_nll": 0.4441104829311371,
      "shuffled_nll": 0.4087815582752228,
      "shifted_minus_matched": 0.2751493453979492,
      "shuffled_minus_matched": 0.2398204356431961
    },
    {
      "index": 6,
      "sample_id": "coco_000000294831_1072465",
      "source_description": "These image tokens represent a pizza in the center region of the image.",
      "matched_nll": 0.07628688216209412,
      "shifted_nll": 0.2300768792629242,
      "shuffled_nll": 0.424584299325943,
      "shifted_minus_matched": 0.15378999710083008,
      "shuffled_minus_matched": 0.3482974171638489
    },
    {
      "index": 7,
      "sample_id": "coco_000000217753_1557564",
      "source_description": "These image tokens represent an orange in the bottom-right region of the image.",
      "matched_nll": 0.1470751017332077,
      "shifted_nll": 0.5635192394256592,
      "shuffled_nll": 0.5635192394256592,
      "shifted_minus_matched": 0.4164441227912903,
      "shuffled_minus_matched": 0.4164441227912903
    }
  ]
}