{
  "run_id": "H2_PILOT_Q3VL_COCO_L10_L15_L20_BBOX8_CONCAT8_N128_SEED4801",
  "layer_tag": "L10-L15-L20",
  "train_size": 128,
  "test_size": 64,
  "num_injection_tokens": 8,
  "matched_mean_nll": 0.21706721186637878,
  "shuffled_mean_nll": 0.40796416997909546,
  "sensitivity_delta": 0.19089698791503906,
  "matched_better_fraction": 0.96875,
  "nll_top1": 0.34375,
  "nll_top5": 0.640625,
  "nll_unique_top1": 0.34375,
  "nll_unique_top5": 0.640625,
  "gain_top1": 0.421875,
  "gain_top5": 0.765625,
  "gain_unique_top1": 0.421875,
  "gain_unique_top5": 0.765625
}