{
  "run_id": "H1_PILOT_Q3VL_COCO_L15_CENTER_N128_SEED4201",
  "target_token": "object_center",
  "max_bbox_tokens": 1,
  "train_size": 128,
  "test_size": 64,
  "matched_mean_nll": 0.23390763998031616,
  "shuffled_mean_nll": 0.4517550468444824,
  "sensitivity_delta": 0.21784743666648865,
  "matched_better_fraction": 0.90625,
  "nll_top1": 0.328125,
  "nll_top5": 0.53125,
  "nll_unique_top1": 0.328125,
  "nll_unique_top5": 0.53125,
  "gain_top1": 0.46875,
  "gain_top5": 0.625,
  "gain_unique_top1": 0.46875,
  "gain_unique_top5": 0.625
}