{
  "run_id": "H1_PILOT_Q3VL_COCO_L15_BBOX8_N128_SEED4201",
  "target_token": "object_bbox_mean",
  "max_bbox_tokens": 8,
  "train_size": 128,
  "test_size": 64,
  "matched_mean_nll": 0.18740315735340118,
  "shuffled_mean_nll": 0.5283613204956055,
  "sensitivity_delta": 0.3409581780433655,
  "matched_better_fraction": 1.0,
  "nll_top1": 0.40625,
  "nll_top5": 0.71875,
  "nll_unique_top1": 0.40625,
  "nll_unique_top5": 0.71875,
  "gain_top1": 0.578125,
  "gain_top5": 0.796875,
  "gain_unique_top1": 0.578125,
  "gain_unique_top5": 0.796875
}