{
  "run_id": "H2_PILOT_Q3VL_COCO_L20_BBOX8_N128_SEED4301",
  "target_token": "object_bbox_mean",
  "max_bbox_tokens": 8,
  "train_size": 128,
  "test_size": 64,
  "matched_mean_nll": 0.17874614894390106,
  "shuffled_mean_nll": 0.4635942578315735,
  "sensitivity_delta": 0.284848153591156,
  "matched_better_fraction": 0.984375,
  "nll_top1": 0.421875,
  "nll_top5": 0.640625,
  "nll_unique_top1": 0.421875,
  "nll_unique_top5": 0.640625,
  "gain_top1": 0.59375,
  "gain_top5": 0.828125,
  "gain_unique_top1": 0.59375,
  "gain_unique_top5": 0.828125
}